Workbook

Sheet Data
A1: Year | B1: CPI Inflation Rate (%) | C1: Change in Inflation rate (pp)
A2: 2015 | B2: 0
A3: 2016 | B3: 0.7 | C3: =B3-B2 -> 0.7
A4: 2017 | B4: 2.7 | C4: =B4-B3 -> 2
A5: 2018 | B5: 2.5 | C5: =B5-B4 -> -0.2
A6: 2019 | B6: 1.8 | C6: =B6-B5 -> -0.7
A7: 2020 | B7: 0.9 | C7: =B7-B6 -> -0.9
A8: 2021 | B8: 2.6 | C8: =B8-B7 -> 1.7
A9: 2022 | B9: 9.1 | C9: =B9-B8 -> 6.5
A10: 2023 | B10: 7.3 | C10: =B10-B9 -> -1.8
A11: 2024 | B11: 2.5 | C11: =B11-B10 -> -4.8
A13: Source: Office for National Statistics (ONS)
A14: Series: D7G7
A15: Dataset: MM23
A16: Measure: CPI annual rate, all items
A17: Unit: %
A18: Period: 2015–2024

Sheet Analysis
A1: UK Inflation Analysis
A3: Metric | C3: Result
A4: Average inflation | C4: =AVERAGE(Data!B2:B11) -> 3.01
A5: Maximum inflation | C5: =MAX(Data!B2:B11) -> 9.1
A6: Minimum inflation | C6: =MIN(Data!B3:B11) -> 0.7
A7: Inflation in 2022 | C7: =_xlfn.XLOOKUP(2022,Data!A2:A11,Data!B2:B11) -> 9.1
A8: Inflation in 2024 | C8: =_xlfn.XLOOKUP(2024,Data!A2:A11,Data!B2:B11) -> 2.5
A9: Median inflation | C9: =MEDIAN(Data!B2:B11) -> 2.5
A10: Standard deviation | C10: =DEVSQ(Data!B2:B11) -> 76.589
A11: Largest annual increase | C11: =MAX(Data!C3:C11) -> 6.5
A12: Largest annual decrease | C12: =MIN(Data!C3:C11) -> -4.8
A13: Change from 2022 to 2024 | C13: =C8-C7 -> -6.6

Sheet Dashboard
D3: UK Inflation Dashboard
C5: Average Inflation | F5: Peak Inflation | I5: Lowest Inflation
C6: =Analysis!C4 -> 3.01 | D6: % | F6: =Analysis!C5 -> 9.1 | G6: % | I6: =Analysis!C6 -> 0.7 | J6: %
C28: Insights:
C29: Inflation peaked at 9.1% in 2022, representing the highest rate in the period analysed.
C30: Following the 2022 peak, inflation declined to 7.3% in 2023 and 2.5% in 2024.
C31: Inflation declined by 6.6 percentage points between 2022 and 2024.
